﻿<?xml version="1.0" encoding="utf-8"?>
<doc>
  <assembly>
    <name>System.Web.WebPages.Deployment</name>
  </assembly>
  <members>
    <member name="T:System.Web.WebPages.Deployment.PreApplicationStartCode"></member>
    <member name="M:System.Web.WebPages.Deployment.PreApplicationStartCode.Start"></member>
    <member name="T:System.Web.WebPages.Deployment.WebPagesDeployment"></member>
    <member name="F:System.Web.WebPages.Deployment.WebPagesDeployment.CacheKeyPrefix"></member>
    <member name="M:System.Web.WebPages.Deployment.WebPagesDeployment.GetAssemblyPath(System.Version)"></member>
    <member name="M:System.Web.WebPages.Deployment.WebPagesDeployment.GetVersion(System.String)"></member>
    <member name="M:System.Web.WebPages.Deployment.WebPagesDeployment.IsEnabled(System.String)"></member>
  </members>
</doc>