﻿<?xml version="1.0" encoding="utf-8"?>
<doc>
  <assembly>
    <name>System.Web.WebPages</name>
  </assembly>
  <members>
    <member name="T:System.Web.Helpers.AntiForgery">
      <summary>Helps prevent malicious scripts from submitting forged page requests.</summary>
    </member>
    <member name="M:System.Web.Helpers.AntiForgery.GetHtml"></member>
    <member name="M:System.Web.Helpers.AntiForgery.GetHtml(System.Web.HttpContextBase,System.String,System.String,System.String)"></member>
    <member name="M:System.Web.Helpers.AntiForgery.Validate"></member>
    <member name="M:System.Web.Helpers.AntiForgery.Validate(System.Web.HttpContextBase,System.String)"></member>
    <member name="T:System.Web.Helpers.UnvalidatedRequestValues"></member>
    <member name="P:System.Web.Helpers.UnvalidatedRequestValues.Form"></member>
    <member name="P:System.Web.Helpers.UnvalidatedRequestValues.Item(System.String)"></member>
    <member name="P:System.Web.Helpers.UnvalidatedRequestValues.QueryString"></member>
    <member name="T:System.Web.Helpers.Validation">
      <summary>Excludes a specified field of the Request object from being checked for potentially unsafe HTML markup.</summary>
    </member>
    <member name="M:System.Web.Helpers.Validation.Unvalidated(System.Web.HttpRequest)">
      <summary>Excludes a field from validation.</summary>
      <returns>Returns <see cref="T:System.Web.Helpers.UnvalidatedRequestValues" />.</returns>
      <param name="request">
        <see cref="System.Web.HttpRequest" /> 对象。</param>
    </member>
    <member name="M:System.Web.Helpers.Validation.Unvalidated(System.Web.HttpRequest,System.String)">
      <summary>Excludes the specified field from validation.</summary>
      <returns>Returns <see cref="T:System.String" />.</returns>
      <param name="request">
        <see cref="System.Web.HttpRequest" /> 对象。</param>
      <param name="key">要从验证中排除的 <see cref="System.Web.HttpRequest" /> 对象的指定字段。</param>
    </member>
    <member name="M:System.Web.Helpers.Validation.Unvalidated(System.Web.HttpRequestBase)">
      <summary>Excludes a field from validation.</summary>
      <returns>Returns <see cref="T:System.Web.Helpers.UnvalidatedRequestValues" />.</returns>
      <param name="request">
        <see cref="System.Web.HttpRequest" /> 对象。</param>
    </member>
    <member name="M:System.Web.Helpers.Validation.Unvalidated(System.Web.HttpRequestBase,System.String)">
      <summary>Excludes a field from validation.</summary>
      <returns>Returns <see cref="T:System.String" />.</returns>
      <param name="request">
        <see cref="System.Web.HttpRequest" /> 对象。</param>
      <param name="key">要从验证中排除的 <see cref="System.Web.HttpRequest" /> 对象的指定字段。</param>
    </member>
    <member name="T:System.Web.Mvc.HttpAntiForgeryException">
      <summary>This class and its members support the .NET Framework infrastructure and are not intended to be used directly from your code.</summary>
    </member>
    <member name="M:System.Web.Mvc.HttpAntiForgeryException.#ctor">
      <summary>This member supports the .NET Framework infrastructure and is not intended to be used directly from your code.</summary>
    </member>
    <member name="M:System.Web.Mvc.HttpAntiForgeryException.#ctor(System.String)">
      <summary>This member supports the .NET Framework infrastructure and is not intended to be used directly from your code.</summary>
      <param name="message">有关异常的详细信息。</param>
    </member>
    <member name="M:System.Web.Mvc.HttpAntiForgeryException.#ctor(System.String,System.Exception)">
      <summary>This member supports the .NET Framework infrastructure and is not intended to be used directly from your code.</summary>
      <param name="message">有关异常的详细信息。</param>
      <param name="innerException">先于当前异常发生的异常。</param>
    </member>
    <member name="T:System.Web.Mvc.TagBuilder"></member>
    <member name="M:System.Web.Mvc.TagBuilder.#ctor(System.String)"></member>
    <member name="M:System.Web.Mvc.TagBuilder.AddCssClass(System.String)"></member>
    <member name="P:System.Web.Mvc.TagBuilder.Attributes"></member>
    <member name="M:System.Web.Mvc.TagBuilder.CreateSanitizedId(System.String)"></member>
    <member name="M:System.Web.Mvc.TagBuilder.CreateSanitizedId(System.String,System.String)"></member>
    <member name="M:System.Web.Mvc.TagBuilder.GenerateId(System.String)"></member>
    <member name="P:System.Web.Mvc.TagBuilder.IdAttributeDotReplacement"></member>
    <member name="P:System.Web.Mvc.TagBuilder.InnerHtml"></member>
    <member name="M:System.Web.Mvc.TagBuilder.MergeAttribute(System.String,System.String)"></member>
    <member name="M:System.Web.Mvc.TagBuilder.MergeAttribute(System.String,System.String,System.Boolean)"></member>
    <member name="M:System.Web.Mvc.TagBuilder.MergeAttributes``2(System.Collections.Generic.IDictionary{``0,``1})">
      <typeparam name="TKey"></typeparam>
      <typeparam name="TValue"></typeparam>
    </member>
    <member name="M:System.Web.Mvc.TagBuilder.MergeAttributes``2(System.Collections.Generic.IDictionary{``0,``1},System.Boolean)">
      <typeparam name="TKey"></typeparam>
      <typeparam name="TValue"></typeparam>
    </member>
    <member name="M:System.Web.Mvc.TagBuilder.SetInnerText(System.String)"></member>
    <member name="P:System.Web.Mvc.TagBuilder.TagName"></member>
    <member name="M:System.Web.Mvc.TagBuilder.ToString"></member>
    <member name="M:System.Web.Mvc.TagBuilder.ToString(System.Web.Mvc.TagRenderMode)"></member>
    <member name="T:System.Web.Mvc.TagRenderMode">
      <summary>Enumerates the modes that are available for rendering HTML tags.</summary>
    </member>
    <member name="F:System.Web.Mvc.TagRenderMode.Normal">
      <summary>Represents normal mode.</summary>
    </member>
    <member name="F:System.Web.Mvc.TagRenderMode.StartTag">
      <summary>Represents the start-tag mode.</summary>
    </member>
    <member name="F:System.Web.Mvc.TagRenderMode.EndTag">
      <summary>Represents end-tag mode.</summary>
    </member>
    <member name="F:System.Web.Mvc.TagRenderMode.SelfClosing">
      <summary>Represents self-closing-tag mode.</summary>
    </member>
    <member name="T:System.Web.WebPages.ApplicationPart"></member>
    <member name="M:System.Web.WebPages.ApplicationPart.#ctor(System.Reflection.Assembly,System.String)"></member>
    <member name="M:System.Web.WebPages.ApplicationPart.ProcessVirtualPath(System.Reflection.Assembly,System.String,System.String)"></member>
    <member name="M:System.Web.WebPages.ApplicationPart.Register(System.Web.WebPages.ApplicationPart)"></member>
    <member name="T:System.Web.WebPages.ApplicationStartPage"></member>
    <member name="M:System.Web.WebPages.ApplicationStartPage.#ctor"></member>
    <member name="P:System.Web.WebPages.ApplicationStartPage.Application"></member>
    <member name="F:System.Web.WebPages.ApplicationStartPage.CacheKeyPrefix"></member>
    <member name="P:System.Web.WebPages.ApplicationStartPage.Context"></member>
    <member name="P:System.Web.WebPages.ApplicationStartPage.Markup"></member>
    <member name="P:System.Web.WebPages.ApplicationStartPage.Output"></member>
    <member name="F:System.Web.WebPages.ApplicationStartPage.StartPageVirtualPath"></member>
    <member name="P:System.Web.WebPages.ApplicationStartPage.VirtualPath"></member>
    <member name="M:System.Web.WebPages.ApplicationStartPage.Write(System.Object)"></member>
    <member name="M:System.Web.WebPages.ApplicationStartPage.Write(System.Web.WebPages.HelperResult)"></member>
    <member name="M:System.Web.WebPages.ApplicationStartPage.WriteLiteral(System.Object)"></member>
    <member name="T:System.Web.WebPages.HelperPage"></member>
    <member name="M:System.Web.WebPages.HelperPage.#ctor"></member>
    <member name="P:System.Web.WebPages.HelperPage.App"></member>
    <member name="P:System.Web.WebPages.HelperPage.AppState"></member>
    <member name="P:System.Web.WebPages.HelperPage.Cache"></member>
    <member name="P:System.Web.WebPages.HelperPage.Context"></member>
    <member name="P:System.Web.WebPages.HelperPage.CurrentPage"></member>
    <member name="M:System.Web.WebPages.HelperPage.Href(System.String,System.Object[])"></member>
    <member name="P:System.Web.WebPages.HelperPage.Html"></member>
    <member name="P:System.Web.WebPages.HelperPage.IsAjax"></member>
    <member name="P:System.Web.WebPages.HelperPage.IsPost"></member>
    <member name="P:System.Web.WebPages.HelperPage.Model"></member>
    <member name="P:System.Web.WebPages.HelperPage.ModelState"></member>
    <member name="P:System.Web.WebPages.HelperPage.Page"></member>
    <member name="P:System.Web.WebPages.HelperPage.PageContext"></member>
    <member name="P:System.Web.WebPages.HelperPage.PageData"></member>
    <member name="P:System.Web.WebPages.HelperPage.Request"></member>
    <member name="P:System.Web.WebPages.HelperPage.Response"></member>
    <member name="P:System.Web.WebPages.HelperPage.Server"></member>
    <member name="P:System.Web.WebPages.HelperPage.Session"></member>
    <member name="P:System.Web.WebPages.HelperPage.UrlData"></member>
    <member name="P:System.Web.WebPages.HelperPage.User"></member>
    <member name="P:System.Web.WebPages.HelperPage.VirtualPath"></member>
    <member name="M:System.Web.WebPages.HelperPage.WriteLiteralTo(System.IO.TextWriter,System.Object)"></member>
    <member name="M:System.Web.WebPages.HelperPage.WriteLiteralTo(System.IO.TextWriter,System.Web.WebPages.HelperResult)"></member>
    <member name="M:System.Web.WebPages.HelperPage.WriteTo(System.IO.TextWriter,System.Object)"></member>
    <member name="M:System.Web.WebPages.HelperPage.WriteTo(System.IO.TextWriter,System.Web.WebPages.HelperResult)"></member>
    <member name="T:System.Web.WebPages.HelperResult"></member>
    <member name="M:System.Web.WebPages.HelperResult.#ctor(System.Action{System.IO.TextWriter})"></member>
    <member name="M:System.Web.WebPages.HelperResult.ToString"></member>
    <member name="M:System.Web.WebPages.HelperResult.WriteTo(System.IO.TextWriter)"></member>
    <member name="T:System.Web.WebPages.HttpContextExtensions"></member>
    <member name="M:System.Web.WebPages.HttpContextExtensions.RedirectLocal(System.Web.HttpContextBase,System.String)"></member>
    <member name="M:System.Web.WebPages.HttpContextExtensions.RegisterForDispose(System.Web.HttpContextBase,System.IDisposable)"></member>
    <member name="T:System.Web.WebPages.ITemplateFile"></member>
    <member name="P:System.Web.WebPages.ITemplateFile.TemplateInfo"></member>
    <member name="T:System.Web.WebPages.IVirtualPathFactory"></member>
    <member name="M:System.Web.WebPages.IVirtualPathFactory.CreateInstance(System.String)"></member>
    <member name="M:System.Web.WebPages.IVirtualPathFactory.Exists(System.String)"></member>
    <member name="T:System.Web.WebPages.IWebPageRequestExecutor"></member>
    <member name="M:System.Web.WebPages.IWebPageRequestExecutor.Execute(System.Web.WebPages.WebPage)"></member>
    <member name="T:System.Web.WebPages.PageVirtualPathAttribute"></member>
    <member name="M:System.Web.WebPages.PageVirtualPathAttribute.#ctor(System.String)"></member>
    <member name="P:System.Web.WebPages.PageVirtualPathAttribute.VirtualPath"></member>
    <member name="T:System.Web.WebPages.PreApplicationStartCode"></member>
    <member name="M:System.Web.WebPages.PreApplicationStartCode.Start"></member>
    <member name="T:System.Web.WebPages.RequestExtensions"></member>
    <member name="M:System.Web.WebPages.RequestExtensions.IsUrlLocalToHost(System.Web.HttpRequestBase,System.String)"></member>
    <member name="T:System.Web.WebPages.ResponseExtensions"></member>
    <member name="M:System.Web.WebPages.ResponseExtensions.OutputCache(System.Web.HttpResponseBase,System.Int32,System.Boolean,System.Collections.Generic.IEnumerable{System.String},System.Collections.Generic.IEnumerable{System.String},System.Collections.Generic.IEnumerable{System.String},System.Web.HttpCacheability)"></member>
    <member name="M:System.Web.WebPages.ResponseExtensions.SetStatus(System.Web.HttpResponseBase,System.Int32)"></member>
    <member name="M:System.Web.WebPages.ResponseExtensions.SetStatus(System.Web.HttpResponseBase,System.Net.HttpStatusCode)"></member>
    <member name="M:System.Web.WebPages.ResponseExtensions.WriteBinary(System.Web.HttpResponseBase,System.Byte[])"></member>
    <member name="M:System.Web.WebPages.ResponseExtensions.WriteBinary(System.Web.HttpResponseBase,System.Byte[],System.String)"></member>
    <member name="T:System.Web.WebPages.SectionWriter"></member>
    <member name="T:System.Web.WebPages.StartPage"></member>
    <member name="M:System.Web.WebPages.StartPage.#ctor"></member>
    <member name="P:System.Web.WebPages.StartPage.ChildPage"></member>
    <member name="P:System.Web.WebPages.StartPage.Context"></member>
    <member name="M:System.Web.WebPages.StartPage.ExecutePageHierarchy"></member>
    <member name="M:System.Web.WebPages.StartPage.GetStartPage(System.Web.WebPages.WebPageRenderingBase,System.String,System.Collections.Generic.IEnumerable{System.String})"></member>
    <member name="P:System.Web.WebPages.StartPage.Layout"></member>
    <member name="P:System.Web.WebPages.StartPage.Page"></member>
    <member name="P:System.Web.WebPages.StartPage.PageData"></member>
    <member name="M:System.Web.WebPages.StartPage.RenderPage(System.String,System.Object[])"></member>
    <member name="M:System.Web.WebPages.StartPage.RunPage"></member>
    <member name="M:System.Web.WebPages.StartPage.Write(System.Object)"></member>
    <member name="M:System.Web.WebPages.StartPage.Write(System.Web.WebPages.HelperResult)"></member>
    <member name="M:System.Web.WebPages.StartPage.WriteLiteral(System.Object)"></member>
    <member name="T:System.Web.WebPages.StringExtensions"></member>
    <member name="M:System.Web.WebPages.StringExtensions.As``1(System.String)">
      <typeparam name="TValue"></typeparam>
    </member>
    <member name="M:System.Web.WebPages.StringExtensions.As``1(System.String,``0)">
      <typeparam name="TValue"></typeparam>
    </member>
    <member name="M:System.Web.WebPages.StringExtensions.AsBool(System.String)"></member>
    <member name="M:System.Web.WebPages.StringExtensions.AsBool(System.String,System.Boolean)"></member>
    <member name="M:System.Web.WebPages.StringExtensions.AsDateTime(System.String)"></member>
    <member name="M:System.Web.WebPages.StringExtensions.AsDateTime(System.String,System.DateTime)"></member>
    <member name="M:System.Web.WebPages.StringExtensions.AsDecimal(System.String)"></member>
    <member name="M:System.Web.WebPages.StringExtensions.AsDecimal(System.String,System.Decimal)"></member>
    <member name="M:System.Web.WebPages.StringExtensions.AsFloat(System.String)"></member>
    <member name="M:System.Web.WebPages.StringExtensions.AsFloat(System.String,System.Single)"></member>
    <member name="M:System.Web.WebPages.StringExtensions.AsInt(System.String)"></member>
    <member name="M:System.Web.WebPages.StringExtensions.AsInt(System.String,System.Int32)"></member>
    <member name="M:System.Web.WebPages.StringExtensions.Is``1(System.String)">
      <typeparam name="TValue"></typeparam>
    </member>
    <member name="M:System.Web.WebPages.StringExtensions.IsBool(System.String)"></member>
    <member name="M:System.Web.WebPages.StringExtensions.IsDateTime(System.String)"></member>
    <member name="M:System.Web.WebPages.StringExtensions.IsDecimal(System.String)"></member>
    <member name="M:System.Web.WebPages.StringExtensions.IsEmpty(System.String)"></member>
    <member name="M:System.Web.WebPages.StringExtensions.IsFloat(System.String)"></member>
    <member name="M:System.Web.WebPages.StringExtensions.IsInt(System.String)"></member>
    <member name="T:System.Web.WebPages.TemplateFileInfo"></member>
    <member name="M:System.Web.WebPages.TemplateFileInfo.#ctor(System.String)"></member>
    <member name="P:System.Web.WebPages.TemplateFileInfo.VirtualPath"></member>
    <member name="T:System.Web.WebPages.TemplateStack"></member>
    <member name="M:System.Web.WebPages.TemplateStack.GetCurrentTemplate(System.Web.HttpContextBase)"></member>
    <member name="M:System.Web.WebPages.TemplateStack.Pop(System.Web.HttpContextBase)"></member>
    <member name="M:System.Web.WebPages.TemplateStack.Push(System.Web.HttpContextBase,System.Web.WebPages.ITemplateFile)"></member>
    <member name="T:System.Web.WebPages.VirtualPathFactoryManager"></member>
    <member name="M:System.Web.WebPages.VirtualPathFactoryManager.RegisterVirtualPathFactory(System.Web.WebPages.IVirtualPathFactory)"></member>
    <member name="T:System.Web.WebPages.WebPage"></member>
    <member name="M:System.Web.WebPages.WebPage.#ctor"></member>
    <member name="P:System.Web.WebPages.WebPage.Context"></member>
    <member name="M:System.Web.WebPages.WebPage.ExecutePageHierarchy"></member>
    <member name="P:System.Web.WebPages.WebPage.Html"></member>
    <member name="M:System.Web.WebPages.WebPage.InitializePage"></member>
    <member name="P:System.Web.WebPages.WebPage.Model"></member>
    <member name="P:System.Web.WebPages.WebPage.ModelState"></member>
    <member name="M:System.Web.WebPages.WebPage.RegisterPageExecutor(System.Web.WebPages.IWebPageRequestExecutor)"></member>
    <member name="T:System.Web.WebPages.WebPageBase"></member>
    <member name="M:System.Web.WebPages.WebPageBase.#ctor"></member>
    <member name="M:System.Web.WebPages.WebPageBase.ConfigurePage(System.Web.WebPages.WebPageBase)"></member>
    <member name="M:System.Web.WebPages.WebPageBase.CreateInstanceFromVirtualPath(System.String)"></member>
    <member name="M:System.Web.WebPages.WebPageBase.DefineSection(System.String,System.Web.WebPages.SectionWriter)"></member>
    <member name="M:System.Web.WebPages.WebPageBase.ExecutePageHierarchy"></member>
    <member name="M:System.Web.WebPages.WebPageBase.ExecutePageHierarchy(System.Web.WebPages.WebPageContext,System.IO.TextWriter)"></member>
    <member name="M:System.Web.WebPages.WebPageBase.ExecutePageHierarchy(System.Web.WebPages.WebPageContext,System.IO.TextWriter,System.Web.WebPages.WebPageRenderingBase)"></member>
    <member name="M:System.Web.WebPages.WebPageBase.InitializePage"></member>
    <member name="M:System.Web.WebPages.WebPageBase.IsSectionDefined(System.String)"></member>
    <member name="P:System.Web.WebPages.WebPageBase.Layout"></member>
    <member name="P:System.Web.WebPages.WebPageBase.Output"></member>
    <member name="P:System.Web.WebPages.WebPageBase.OutputStack"></member>
    <member name="P:System.Web.WebPages.WebPageBase.Page"></member>
    <member name="P:System.Web.WebPages.WebPageBase.PageData"></member>
    <member name="M:System.Web.WebPages.WebPageBase.PopContext"></member>
    <member name="M:System.Web.WebPages.WebPageBase.PushContext(System.Web.WebPages.WebPageContext,System.IO.TextWriter)"></member>
    <member name="M:System.Web.WebPages.WebPageBase.RenderBody"></member>
    <member name="M:System.Web.WebPages.WebPageBase.RenderPage(System.String,System.Object[])"></member>
    <member name="M:System.Web.WebPages.WebPageBase.RenderSection(System.String)"></member>
    <member name="M:System.Web.WebPages.WebPageBase.RenderSection(System.String,System.Boolean)"></member>
    <member name="M:System.Web.WebPages.WebPageBase.Write(System.Object)"></member>
    <member name="M:System.Web.WebPages.WebPageBase.Write(System.Web.WebPages.HelperResult)"></member>
    <member name="M:System.Web.WebPages.WebPageBase.WriteLiteral(System.Object)"></member>
    <member name="T:System.Web.WebPages.WebPageContext"></member>
    <member name="M:System.Web.WebPages.WebPageContext.#ctor"></member>
    <member name="M:System.Web.WebPages.WebPageContext.#ctor(System.Web.HttpContextBase,System.Web.WebPages.WebPageRenderingBase,System.Object)"></member>
    <member name="P:System.Web.WebPages.WebPageContext.Current"></member>
    <member name="P:System.Web.WebPages.WebPageContext.Model"></member>
    <member name="P:System.Web.WebPages.WebPageContext.Page"></member>
    <member name="P:System.Web.WebPages.WebPageContext.PageData"></member>
    <member name="T:System.Web.WebPages.WebPageExecutingBase"></member>
    <member name="M:System.Web.WebPages.WebPageExecutingBase.#ctor"></member>
    <member name="P:System.Web.WebPages.WebPageExecutingBase.App"></member>
    <member name="P:System.Web.WebPages.WebPageExecutingBase.AppState"></member>
    <member name="P:System.Web.WebPages.WebPageExecutingBase.Context"></member>
    <member name="M:System.Web.WebPages.WebPageExecutingBase.Execute"></member>
    <member name="M:System.Web.WebPages.WebPageExecutingBase.NormalizePath(System.String)"></member>
    <member name="P:System.Web.WebPages.WebPageExecutingBase.VirtualPath"></member>
    <member name="M:System.Web.WebPages.WebPageExecutingBase.Write(System.Object)"></member>
    <member name="M:System.Web.WebPages.WebPageExecutingBase.Write(System.Web.WebPages.HelperResult)"></member>
    <member name="M:System.Web.WebPages.WebPageExecutingBase.WriteLiteral(System.Object)"></member>
    <member name="M:System.Web.WebPages.WebPageExecutingBase.WriteLiteralTo(System.IO.TextWriter,System.Object)"></member>
    <member name="M:System.Web.WebPages.WebPageExecutingBase.WriteTo(System.IO.TextWriter,System.Object)"></member>
    <member name="M:System.Web.WebPages.WebPageExecutingBase.WriteTo(System.IO.TextWriter,System.Web.WebPages.HelperResult)"></member>
    <member name="T:System.Web.WebPages.WebPageHttpHandler"></member>
    <member name="M:System.Web.WebPages.WebPageHttpHandler.#ctor(System.Web.WebPages.WebPage)"></member>
    <member name="M:System.Web.WebPages.WebPageHttpHandler.CreateFromVirtualPath(System.String)"></member>
    <member name="P:System.Web.WebPages.WebPageHttpHandler.DisableWebPagesResponseHeader"></member>
    <member name="M:System.Web.WebPages.WebPageHttpHandler.GetRegisteredExtensions"></member>
    <member name="P:System.Web.WebPages.WebPageHttpHandler.IsReusable"></member>
    <member name="M:System.Web.WebPages.WebPageHttpHandler.ProcessRequest(System.Web.HttpContext)"></member>
    <member name="M:System.Web.WebPages.WebPageHttpHandler.RegisterExtension(System.String)"></member>
    <member name="F:System.Web.WebPages.WebPageHttpHandler.WebPagesVersionHeaderName"></member>
    <member name="T:System.Web.WebPages.WebPageRenderingBase"></member>
    <member name="M:System.Web.WebPages.WebPageRenderingBase.#ctor"></member>
    <member name="P:System.Web.WebPages.WebPageRenderingBase.Cache"></member>
    <member name="P:System.Web.WebPages.WebPageRenderingBase.Culture"></member>
    <member name="M:System.Web.WebPages.WebPageRenderingBase.ExecutePageHierarchy"></member>
    <member name="M:System.Web.WebPages.WebPageRenderingBase.Href(System.String,System.Object[])"></member>
    <member name="P:System.Web.WebPages.WebPageRenderingBase.IsAjax"></member>
    <member name="P:System.Web.WebPages.WebPageRenderingBase.IsPost"></member>
    <member name="P:System.Web.WebPages.WebPageRenderingBase.Layout"></member>
    <member name="P:System.Web.WebPages.WebPageRenderingBase.Page"></member>
    <member name="P:System.Web.WebPages.WebPageRenderingBase.PageContext"></member>
    <member name="P:System.Web.WebPages.WebPageRenderingBase.PageData"></member>
    <member name="M:System.Web.WebPages.WebPageRenderingBase.RenderPage(System.String,System.Object[])"></member>
    <member name="P:System.Web.WebPages.WebPageRenderingBase.Request"></member>
    <member name="P:System.Web.WebPages.WebPageRenderingBase.Response"></member>
    <member name="P:System.Web.WebPages.WebPageRenderingBase.Server"></member>
    <member name="P:System.Web.WebPages.WebPageRenderingBase.Session"></member>
    <member name="P:System.Web.WebPages.WebPageRenderingBase.TemplateInfo"></member>
    <member name="P:System.Web.WebPages.WebPageRenderingBase.UICulture"></member>
    <member name="P:System.Web.WebPages.WebPageRenderingBase.UrlData"></member>
    <member name="P:System.Web.WebPages.WebPageRenderingBase.User"></member>
    <member name="T:System.Web.WebPages.Html.HtmlHelper"></member>
    <member name="M:System.Web.WebPages.Html.HtmlHelper.AttributeEncode(System.Object)">
      <returns>Returns <see cref="T:System.String" />.</returns>
    </member>
    <member name="M:System.Web.WebPages.Html.HtmlHelper.AttributeEncode(System.String)">
      <returns>Returns <see cref="T:System.String" />.</returns>
    </member>
    <member name="M:System.Web.WebPages.Html.HtmlHelper.CheckBox(System.String)">
      <returns>Returns <see cref="T:System.Web.IHtmlString" />.</returns>
    </member>
    <member name="M:System.Web.WebPages.Html.HtmlHelper.CheckBox(System.String,System.Boolean)">
      <returns>Returns <see cref="T:System.Web.IHtmlString" />.</returns>
    </member>
    <member name="M:System.Web.WebPages.Html.HtmlHelper.CheckBox(System.String,System.Boolean,System.Collections.Generic.IDictionary{System.String,System.Object})">
      <returns>Returns <see cref="T:System.Web.IHtmlString" />.</returns>
    </member>
    <member name="M:System.Web.WebPages.Html.HtmlHelper.CheckBox(System.String,System.Boolean,System.Object)">
      <returns>Returns <see cref="T:System.Web.IHtmlString" />.</returns>
    </member>
    <member name="M:System.Web.WebPages.Html.HtmlHelper.CheckBox(System.String,System.Collections.Generic.IDictionary{System.String,System.Object})">
      <returns>Returns <see cref="T:System.Web.IHtmlString" />.</returns>
    </member>
    <member name="M:System.Web.WebPages.Html.HtmlHelper.CheckBox(System.String,System.Object)">
      <returns>Returns <see cref="T:System.Web.IHtmlString" />.</returns>
    </member>
    <member name="M:System.Web.WebPages.Html.HtmlHelper.DropDownList(System.String,System.Collections.Generic.IEnumerable{System.Web.WebPages.Html.SelectListItem})">
      <returns>Returns <see cref="T:System.Web.IHtmlString" />.</returns>
    </member>
    <member name="M:System.Web.WebPages.Html.HtmlHelper.DropDownList(System.String,System.Collections.Generic.IEnumerable{System.Web.WebPages.Html.SelectListItem},System.Collections.Generic.IDictionary{System.String,System.Object})">
      <returns>Returns <see cref="T:System.Web.IHtmlString" />.</returns>
    </member>
    <member name="M:System.Web.WebPages.Html.HtmlHelper.DropDownList(System.String,System.Collections.Generic.IEnumerable{System.Web.WebPages.Html.SelectListItem},System.Object)">
      <returns>Returns <see cref="T:System.Web.IHtmlString" />.</returns>
    </member>
    <member name="M:System.Web.WebPages.Html.HtmlHelper.DropDownList(System.String,System.String,System.Collections.Generic.IEnumerable{System.Web.WebPages.Html.SelectListItem})">
      <returns>Returns <see cref="T:System.Web.IHtmlString" />.</returns>
    </member>
    <member name="M:System.Web.WebPages.Html.HtmlHelper.DropDownList(System.String,System.String,System.Collections.Generic.IEnumerable{System.Web.WebPages.Html.SelectListItem},System.Collections.Generic.IDictionary{System.String,System.Object})">
      <returns>Returns <see cref="T:System.Web.IHtmlString" />.</returns>
    </member>
    <member name="M:System.Web.WebPages.Html.HtmlHelper.DropDownList(System.String,System.String,System.Collections.Generic.IEnumerable{System.Web.WebPages.Html.SelectListItem},System.Object)">
      <returns>Returns <see cref="T:System.Web.IHtmlString" />.</returns>
    </member>
    <member name="M:System.Web.WebPages.Html.HtmlHelper.DropDownList(System.String,System.String,System.Collections.Generic.IEnumerable{System.Web.WebPages.Html.SelectListItem},System.Object,System.Collections.Generic.IDictionary{System.String,System.Object})">
      <returns>Returns <see cref="T:System.Web.IHtmlString" />.</returns>
    </member>
    <member name="M:System.Web.WebPages.Html.HtmlHelper.DropDownList(System.String,System.String,System.Collections.Generic.IEnumerable{System.Web.WebPages.Html.SelectListItem},System.Object,System.Object)">
      <returns>Returns <see cref="T:System.Web.IHtmlString" />.</returns>
    </member>
    <member name="M:System.Web.WebPages.Html.HtmlHelper.Encode(System.Object)">
      <returns>Returns <see cref="T:System.String" />.</returns>
    </member>
    <member name="M:System.Web.WebPages.Html.HtmlHelper.Encode(System.String)">
      <returns>Returns <see cref="T:System.String" />.</returns>
    </member>
    <member name="M:System.Web.WebPages.Html.HtmlHelper.Hidden(System.String)">
      <returns>Returns <see cref="T:System.Web.IHtmlString" />.</returns>
    </member>
    <member name="M:System.Web.WebPages.Html.HtmlHelper.Hidden(System.String,System.Object)">
      <returns>Returns <see cref="T:System.Web.IHtmlString" />.</returns>
    </member>
    <member name="M:System.Web.WebPages.Html.HtmlHelper.Hidden(System.String,System.Object,System.Collections.Generic.IDictionary{System.String,System.Object})">
      <returns>Returns <see cref="T:System.Web.IHtmlString" />.</returns>
    </member>
    <member name="M:System.Web.WebPages.Html.HtmlHelper.Hidden(System.String,System.Object,System.Object)">
      <returns>Returns <see cref="T:System.Web.IHtmlString" />.</returns>
    </member>
    <member name="P:System.Web.WebPages.Html.HtmlHelper.IdAttributeDotReplacement">
      <returns>Returns <see cref="T:System.String" />.</returns>
    </member>
    <member name="M:System.Web.WebPages.Html.HtmlHelper.Label(System.String)">
      <returns>Returns <see cref="T:System.Web.IHtmlString" />.</returns>
    </member>
    <member name="M:System.Web.WebPages.Html.HtmlHelper.Label(System.String,System.Object)">
      <returns>Returns <see cref="T:System.Web.IHtmlString" />.</returns>
    </member>
    <member name="M:System.Web.WebPages.Html.HtmlHelper.Label(System.String,System.String)">
      <returns>Returns <see cref="T:System.Web.IHtmlString" />.</returns>
    </member>
    <member name="M:System.Web.WebPages.Html.HtmlHelper.Label(System.String,System.String,System.Collections.Generic.IDictionary{System.String,System.Object})">
      <returns>Returns <see cref="T:System.Web.IHtmlString" />.</returns>
    </member>
    <member name="M:System.Web.WebPages.Html.HtmlHelper.Label(System.String,System.String,System.Object)">
      <returns>Returns <see cref="T:System.Web.IHtmlString" />.</returns>
    </member>
    <member name="M:System.Web.WebPages.Html.HtmlHelper.ListBox(System.String,System.Collections.Generic.IEnumerable{System.Web.WebPages.Html.SelectListItem})">
      <returns>Returns <see cref="T:System.Web.IHtmlString" />.</returns>
    </member>
    <member name="M:System.Web.WebPages.Html.HtmlHelper.ListBox(System.String,System.Collections.Generic.IEnumerable{System.Web.WebPages.Html.SelectListItem},System.Collections.Generic.IDictionary{System.String,System.Object})">
      <returns>Returns <see cref="T:System.Web.IHtmlString" />.</returns>
    </member>
    <member name="M:System.Web.WebPages.Html.HtmlHelper.ListBox(System.String,System.Collections.Generic.IEnumerable{System.Web.WebPages.Html.SelectListItem},System.Object)">
      <returns>Returns <see cref="T:System.Web.IHtmlString" />.</returns>
    </member>
    <member name="M:System.Web.WebPages.Html.HtmlHelper.ListBox(System.String,System.Collections.Generic.IEnumerable{System.Web.WebPages.Html.SelectListItem},System.Object,System.Int32,System.Boolean)">
      <returns>Returns <see cref="T:System.Web.IHtmlString" />.</returns>
    </member>
    <member name="M:System.Web.WebPages.Html.HtmlHelper.ListBox(System.String,System.String,System.Collections.Generic.IEnumerable{System.Web.WebPages.Html.SelectListItem})">
      <returns>Returns <see cref="T:System.Web.IHtmlString" />.</returns>
    </member>
    <member name="M:System.Web.WebPages.Html.HtmlHelper.ListBox(System.String,System.String,System.Collections.Generic.IEnumerable{System.Web.WebPages.Html.SelectListItem},System.Collections.Generic.IDictionary{System.String,System.Object})">
      <returns>Returns <see cref="T:System.Web.IHtmlString" />.</returns>
    </member>
    <member name="M:System.Web.WebPages.Html.HtmlHelper.ListBox(System.String,System.String,System.Collections.Generic.IEnumerable{System.Web.WebPages.Html.SelectListItem},System.Object)">
      <returns>Returns <see cref="T:System.Web.IHtmlString" />.</returns>
    </member>
    <member name="M:System.Web.WebPages.Html.HtmlHelper.ListBox(System.String,System.String,System.Collections.Generic.IEnumerable{System.Web.WebPages.Html.SelectListItem},System.Object,System.Collections.Generic.IDictionary{System.String,System.Object})">
      <returns>Returns <see cref="T:System.Web.IHtmlString" />.</returns>
    </member>
    <member name="M:System.Web.WebPages.Html.HtmlHelper.ListBox(System.String,System.String,System.Collections.Generic.IEnumerable{System.Web.WebPages.Html.SelectListItem},System.Object,System.Int32,System.Boolean)">
      <returns>Returns <see cref="T:System.Web.IHtmlString" />.</returns>
    </member>
    <member name="M:System.Web.WebPages.Html.HtmlHelper.ListBox(System.String,System.String,System.Collections.Generic.IEnumerable{System.Web.WebPages.Html.SelectListItem},System.Object,System.Int32,System.Boolean,System.Collections.Generic.IDictionary{System.String,System.Object})">
      <returns>Returns <see cref="T:System.Web.IHtmlString" />.</returns>
    </member>
    <member name="M:System.Web.WebPages.Html.HtmlHelper.ListBox(System.String,System.String,System.Collections.Generic.IEnumerable{System.Web.WebPages.Html.SelectListItem},System.Object,System.Int32,System.Boolean,System.Object)">
      <returns>Returns <see cref="T:System.Web.IHtmlString" />.</returns>
    </member>
    <member name="M:System.Web.WebPages.Html.HtmlHelper.ListBox(System.String,System.String,System.Collections.Generic.IEnumerable{System.Web.WebPages.Html.SelectListItem},System.Object,System.Object)">
      <returns>Returns <see cref="T:System.Web.IHtmlString" />.</returns>
    </member>
    <member name="M:System.Web.WebPages.Html.HtmlHelper.Password(System.String)">
      <returns>Returns <see cref="T:System.Web.IHtmlString" />.</returns>
    </member>
    <member name="M:System.Web.WebPages.Html.HtmlHelper.Password(System.String,System.Object)">
      <returns>Returns <see cref="T:System.Web.IHtmlString" />.</returns>
    </member>
    <member name="M:System.Web.WebPages.Html.HtmlHelper.Password(System.String,System.Object,System.Collections.Generic.IDictionary{System.String,System.Object})">
      <returns>Returns <see cref="T:System.Web.IHtmlString" />.</returns>
    </member>
    <member name="M:System.Web.WebPages.Html.HtmlHelper.Password(System.String,System.Object,System.Object)">
      <returns>Returns <see cref="T:System.Web.IHtmlString" />.</returns>
    </member>
    <member name="M:System.Web.WebPages.Html.HtmlHelper.RadioButton(System.String,System.Object)">
      <returns>Returns <see cref="T:System.Web.IHtmlString" />.</returns>
    </member>
    <member name="M:System.Web.WebPages.Html.HtmlHelper.RadioButton(System.String,System.Object,System.Boolean)">
      <returns>Returns <see cref="T:System.Web.IHtmlString" />.</returns>
    </member>
    <member name="M:System.Web.WebPages.Html.HtmlHelper.RadioButton(System.String,System.Object,System.Boolean,System.Collections.Generic.IDictionary{System.String,System.Object})">
      <returns>Returns <see cref="T:System.Web.IHtmlString" />.</returns>
    </member>
    <member name="M:System.Web.WebPages.Html.HtmlHelper.RadioButton(System.String,System.Object,System.Boolean,System.Object)">
      <returns>Returns <see cref="T:System.Web.IHtmlString" />.</returns>
    </member>
    <member name="M:System.Web.WebPages.Html.HtmlHelper.RadioButton(System.String,System.Object,System.Collections.Generic.IDictionary{System.String,System.Object})">
      <returns>Returns <see cref="T:System.Web.IHtmlString" />.</returns>
    </member>
    <member name="M:System.Web.WebPages.Html.HtmlHelper.RadioButton(System.String,System.Object,System.Object)">
      <returns>Returns <see cref="T:System.Web.IHtmlString" />.</returns>
    </member>
    <member name="M:System.Web.WebPages.Html.HtmlHelper.Raw(System.String)">
      <returns>Returns <see cref="T:System.Web.IHtmlString" />.</returns>
    </member>
    <member name="M:System.Web.WebPages.Html.HtmlHelper.TextArea(System.String)">
      <returns>Returns <see cref="T:System.Web.IHtmlString" />.</returns>
    </member>
    <member name="M:System.Web.WebPages.Html.HtmlHelper.TextArea(System.String,System.Collections.Generic.IDictionary{System.String,System.Object})">
      <returns>Returns <see cref="T:System.Web.IHtmlString" />.</returns>
    </member>
    <member name="M:System.Web.WebPages.Html.HtmlHelper.TextArea(System.String,System.Object)">
      <returns>Returns <see cref="T:System.Web.IHtmlString" />.</returns>
    </member>
    <member name="M:System.Web.WebPages.Html.HtmlHelper.TextArea(System.String,System.String)">
      <returns>Returns <see cref="T:System.Web.IHtmlString" />.</returns>
    </member>
    <member name="M:System.Web.WebPages.Html.HtmlHelper.TextArea(System.String,System.String,System.Collections.Generic.IDictionary{System.String,System.Object})">
      <returns>Returns <see cref="T:System.Web.IHtmlString" />.</returns>
    </member>
    <member name="M:System.Web.WebPages.Html.HtmlHelper.TextArea(System.String,System.String,System.Int32,System.Int32,System.Collections.Generic.IDictionary{System.String,System.Object})">
      <returns>Returns <see cref="T:System.Web.IHtmlString" />.</returns>
    </member>
    <member name="M:System.Web.WebPages.Html.HtmlHelper.TextArea(System.String,System.String,System.Int32,System.Int32,System.Object)">
      <returns>Returns <see cref="T:System.Web.IHtmlString" />.</returns>
    </member>
    <member name="M:System.Web.WebPages.Html.HtmlHelper.TextArea(System.String,System.String,System.Object)">
      <returns>Returns <see cref="T:System.Web.IHtmlString" />.</returns>
    </member>
    <member name="M:System.Web.WebPages.Html.HtmlHelper.TextBox(System.String)">
      <returns>Returns <see cref="T:System.Web.IHtmlString" />.</returns>
    </member>
    <member name="M:System.Web.WebPages.Html.HtmlHelper.TextBox(System.String,System.Object)">
      <returns>Returns <see cref="T:System.Web.IHtmlString" />.</returns>
    </member>
    <member name="M:System.Web.WebPages.Html.HtmlHelper.TextBox(System.String,System.Object,System.Collections.Generic.IDictionary{System.String,System.Object})">
      <returns>Returns <see cref="T:System.Web.IHtmlString" />.</returns>
    </member>
    <member name="M:System.Web.WebPages.Html.HtmlHelper.TextBox(System.String,System.Object,System.Object)">
      <returns>Returns <see cref="T:System.Web.IHtmlString" />.</returns>
    </member>
    <member name="P:System.Web.WebPages.Html.HtmlHelper.ValidationInputCssClassName">
      <returns>Returns <see cref="T:System.String" />.</returns>
    </member>
    <member name="M:System.Web.WebPages.Html.HtmlHelper.ValidationMessage(System.String)">
      <returns>Returns <see cref="T:System.Web.IHtmlString" />.</returns>
    </member>
    <member name="M:System.Web.WebPages.Html.HtmlHelper.ValidationMessage(System.String,System.Collections.Generic.IDictionary{System.String,System.Object})">
      <returns>Returns <see cref="T:System.Web.IHtmlString" />.</returns>
    </member>
    <member name="M:System.Web.WebPages.Html.HtmlHelper.ValidationMessage(System.String,System.Object)">
      <returns>Returns <see cref="T:System.Web.IHtmlString" />.</returns>
    </member>
    <member name="M:System.Web.WebPages.Html.HtmlHelper.ValidationMessage(System.String,System.String)">
      <returns>Returns <see cref="T:System.Web.IHtmlString" />.</returns>
    </member>
    <member name="M:System.Web.WebPages.Html.HtmlHelper.ValidationMessage(System.String,System.String,System.Collections.Generic.IDictionary{System.String,System.Object})">
      <returns>Returns <see cref="T:System.Web.IHtmlString" />.</returns>
    </member>
    <member name="M:System.Web.WebPages.Html.HtmlHelper.ValidationMessage(System.String,System.String,System.Object)">
      <returns>Returns <see cref="T:System.Web.IHtmlString" />.</returns>
    </member>
    <member name="M:System.Web.WebPages.Html.HtmlHelper.ValidationSummary">
      <returns>Returns <see cref="T:System.Web.IHtmlString" />.</returns>
    </member>
    <member name="M:System.Web.WebPages.Html.HtmlHelper.ValidationSummary(System.Boolean)">
      <returns>Returns <see cref="T:System.Web.IHtmlString" />.</returns>
    </member>
    <member name="M:System.Web.WebPages.Html.HtmlHelper.ValidationSummary(System.Collections.Generic.IDictionary{System.String,System.Object})">
      <returns>Returns <see cref="T:System.Web.IHtmlString" />.</returns>
    </member>
    <member name="M:System.Web.WebPages.Html.HtmlHelper.ValidationSummary(System.Object)">
      <returns>Returns <see cref="T:System.Web.IHtmlString" />.</returns>
    </member>
    <member name="M:System.Web.WebPages.Html.HtmlHelper.ValidationSummary(System.String)">
      <returns>Returns <see cref="T:System.Web.IHtmlString" />.</returns>
    </member>
    <member name="M:System.Web.WebPages.Html.HtmlHelper.ValidationSummary(System.String,System.Boolean,System.Collections.Generic.IDictionary{System.String,System.Object})">
      <returns>Returns <see cref="T:System.Web.IHtmlString" />.</returns>
    </member>
    <member name="M:System.Web.WebPages.Html.HtmlHelper.ValidationSummary(System.String,System.Boolean,System.Object)">
      <returns>Returns <see cref="T:System.Web.IHtmlString" />.</returns>
    </member>
    <member name="M:System.Web.WebPages.Html.HtmlHelper.ValidationSummary(System.String,System.Collections.Generic.IDictionary{System.String,System.Object})">
      <returns>Returns <see cref="T:System.Web.IHtmlString" />.</returns>
    </member>
    <member name="M:System.Web.WebPages.Html.HtmlHelper.ValidationSummary(System.String,System.Object)">
      <returns>Returns <see cref="T:System.Web.IHtmlString" />.</returns>
    </member>
    <member name="P:System.Web.WebPages.Html.HtmlHelper.ValidationSummaryClass">
      <returns>Returns <see cref="T:System.String" />.</returns>
    </member>
    <member name="T:System.Web.WebPages.Html.ModelState"></member>
    <member name="M:System.Web.WebPages.Html.ModelState.#ctor"></member>
    <member name="P:System.Web.WebPages.Html.ModelState.Errors"></member>
    <member name="P:System.Web.WebPages.Html.ModelState.Value"></member>
    <member name="T:System.Web.WebPages.Html.ModelStateDictionary"></member>
    <member name="M:System.Web.WebPages.Html.ModelStateDictionary.#ctor"></member>
    <member name="M:System.Web.WebPages.Html.ModelStateDictionary.#ctor(System.Web.WebPages.Html.ModelStateDictionary)"></member>
    <member name="M:System.Web.WebPages.Html.ModelStateDictionary.Add(System.Collections.Generic.KeyValuePair{System.String,System.Web.WebPages.Html.ModelState})"></member>
    <member name="M:System.Web.WebPages.Html.ModelStateDictionary.Add(System.String,System.Web.WebPages.Html.ModelState)"></member>
    <member name="M:System.Web.WebPages.Html.ModelStateDictionary.AddError(System.String,System.String)"></member>
    <member name="M:System.Web.WebPages.Html.ModelStateDictionary.AddFormError(System.String)"></member>
    <member name="M:System.Web.WebPages.Html.ModelStateDictionary.Clear"></member>
    <member name="M:System.Web.WebPages.Html.ModelStateDictionary.Contains(System.Collections.Generic.KeyValuePair{System.String,System.Web.WebPages.Html.ModelState})"></member>
    <member name="M:System.Web.WebPages.Html.ModelStateDictionary.ContainsKey(System.String)"></member>
    <member name="M:System.Web.WebPages.Html.ModelStateDictionary.CopyTo(System.Collections.Generic.KeyValuePair{System.String,System.Web.WebPages.Html.ModelState}[],System.Int32)"></member>
    <member name="P:System.Web.WebPages.Html.ModelStateDictionary.Count"></member>
    <member name="M:System.Web.WebPages.Html.ModelStateDictionary.GetEnumerator"></member>
    <member name="P:System.Web.WebPages.Html.ModelStateDictionary.IsReadOnly"></member>
    <member name="P:System.Web.WebPages.Html.ModelStateDictionary.IsValid"></member>
    <member name="M:System.Web.WebPages.Html.ModelStateDictionary.IsValidField(System.String)"></member>
    <member name="P:System.Web.WebPages.Html.ModelStateDictionary.Item(System.String)"></member>
    <member name="P:System.Web.WebPages.Html.ModelStateDictionary.Keys"></member>
    <member name="M:System.Web.WebPages.Html.ModelStateDictionary.Merge(System.Web.WebPages.Html.ModelStateDictionary)"></member>
    <member name="M:System.Web.WebPages.Html.ModelStateDictionary.Remove(System.Collections.Generic.KeyValuePair{System.String,System.Web.WebPages.Html.ModelState})"></member>
    <member name="M:System.Web.WebPages.Html.ModelStateDictionary.Remove(System.String)"></member>
    <member name="M:System.Web.WebPages.Html.ModelStateDictionary.SetModelValue(System.String,System.Object)"></member>
    <member name="M:System.Web.WebPages.Html.ModelStateDictionary.System#Collections#IEnumerable#GetEnumerator"></member>
    <member name="M:System.Web.WebPages.Html.ModelStateDictionary.TryGetValue(System.String,System.Web.WebPages.Html.ModelState@)"></member>
    <member name="P:System.Web.WebPages.Html.ModelStateDictionary.Values"></member>
    <member name="T:System.Web.WebPages.Html.SelectListItem"></member>
    <member name="M:System.Web.WebPages.Html.SelectListItem.#ctor"></member>
    <member name="M:System.Web.WebPages.Html.SelectListItem.#ctor(System.Web.WebPages.Html.SelectListItem)"></member>
    <member name="P:System.Web.WebPages.Html.SelectListItem.Selected"></member>
    <member name="P:System.Web.WebPages.Html.SelectListItem.Text"></member>
    <member name="P:System.Web.WebPages.Html.SelectListItem.Value"></member>
    <member name="T:System.Web.WebPages.Scope.AspNetRequestScopeStorageProvider"></member>
    <member name="M:System.Web.WebPages.Scope.AspNetRequestScopeStorageProvider.#ctor"></member>
    <member name="P:System.Web.WebPages.Scope.AspNetRequestScopeStorageProvider.ApplicationScope"></member>
    <member name="P:System.Web.WebPages.Scope.AspNetRequestScopeStorageProvider.CurrentScope"></member>
    <member name="P:System.Web.WebPages.Scope.AspNetRequestScopeStorageProvider.GlobalScope"></member>
    <member name="P:System.Web.WebPages.Scope.AspNetRequestScopeStorageProvider.RequestScope"></member>
    <member name="T:System.Web.WebPages.Scope.IScopeStorageProvider"></member>
    <member name="P:System.Web.WebPages.Scope.IScopeStorageProvider.CurrentScope"></member>
    <member name="P:System.Web.WebPages.Scope.IScopeStorageProvider.GlobalScope"></member>
    <member name="T:System.Web.WebPages.Scope.ScopeStorage"></member>
    <member name="M:System.Web.WebPages.Scope.ScopeStorage.CreateTransientScope"></member>
    <member name="M:System.Web.WebPages.Scope.ScopeStorage.CreateTransientScope(System.Collections.Generic.IDictionary{System.Object,System.Object})"></member>
    <member name="P:System.Web.WebPages.Scope.ScopeStorage.CurrentProvider"></member>
    <member name="P:System.Web.WebPages.Scope.ScopeStorage.CurrentScope"></member>
    <member name="P:System.Web.WebPages.Scope.ScopeStorage.GlobalScope"></member>
    <member name="T:System.Web.WebPages.Scope.ScopeStorageDictionary"></member>
    <member name="M:System.Web.WebPages.Scope.ScopeStorageDictionary.#ctor"></member>
    <member name="M:System.Web.WebPages.Scope.ScopeStorageDictionary.#ctor(System.Collections.Generic.IDictionary{System.Object,System.Object})"></member>
    <member name="M:System.Web.WebPages.Scope.ScopeStorageDictionary.Add(System.Collections.Generic.KeyValuePair{System.Object,System.Object})"></member>
    <member name="M:System.Web.WebPages.Scope.ScopeStorageDictionary.Add(System.Object,System.Object)"></member>
    <member name="P:System.Web.WebPages.Scope.ScopeStorageDictionary.BackingStore"></member>
    <member name="P:System.Web.WebPages.Scope.ScopeStorageDictionary.BaseScope"></member>
    <member name="M:System.Web.WebPages.Scope.ScopeStorageDictionary.Clear"></member>
    <member name="M:System.Web.WebPages.Scope.ScopeStorageDictionary.Contains(System.Collections.Generic.KeyValuePair{System.Object,System.Object})"></member>
    <member name="M:System.Web.WebPages.Scope.ScopeStorageDictionary.ContainsKey(System.Object)"></member>
    <member name="M:System.Web.WebPages.Scope.ScopeStorageDictionary.CopyTo(System.Collections.Generic.KeyValuePair{System.Object,System.Object}[],System.Int32)"></member>
    <member name="P:System.Web.WebPages.Scope.ScopeStorageDictionary.Count"></member>
    <member name="M:System.Web.WebPages.Scope.ScopeStorageDictionary.GetEnumerator"></member>
    <member name="M:System.Web.WebPages.Scope.ScopeStorageDictionary.GetItems"></member>
    <member name="P:System.Web.WebPages.Scope.ScopeStorageDictionary.IsReadOnly"></member>
    <member name="P:System.Web.WebPages.Scope.ScopeStorageDictionary.Item(System.Object)"></member>
    <member name="P:System.Web.WebPages.Scope.ScopeStorageDictionary.Keys"></member>
    <member name="M:System.Web.WebPages.Scope.ScopeStorageDictionary.Remove(System.Collections.Generic.KeyValuePair{System.Object,System.Object})"></member>
    <member name="M:System.Web.WebPages.Scope.ScopeStorageDictionary.Remove(System.Object)"></member>
    <member name="M:System.Web.WebPages.Scope.ScopeStorageDictionary.SetValue(System.Object,System.Object)"></member>
    <member name="M:System.Web.WebPages.Scope.ScopeStorageDictionary.System#Collections#IEnumerable#GetEnumerator"></member>
    <member name="M:System.Web.WebPages.Scope.ScopeStorageDictionary.TryGetValue(System.Object,System.Object@)"></member>
    <member name="P:System.Web.WebPages.Scope.ScopeStorageDictionary.Values"></member>
    <member name="T:System.Web.WebPages.Scope.StaticScopeStorageProvider"></member>
    <member name="M:System.Web.WebPages.Scope.StaticScopeStorageProvider.#ctor"></member>
    <member name="P:System.Web.WebPages.Scope.StaticScopeStorageProvider.CurrentScope"></member>
    <member name="P:System.Web.WebPages.Scope.StaticScopeStorageProvider.GlobalScope"></member>
  </members>
</doc>